Xochitl,Tufi√±o,xochitl@gmail,511131146,2017-05-15
Elwyn,Conn,bernadette@grantoconnell.name,(182) 188-6364 x4101,2017-05-22
Jillian,Turcotte,moises@gaylord.net,368-327-8934 x40171,2016-06-16
Willy,Reilly,eugenia.gislason@beer.biz,(187) 216-6234 x8662,2016-10-30
Leif,Kirlin,theo@goodwin.biz,353-160-7626,2017-05-19
Lorenza,Reichert,celestino@volkman.io,658.318.6480 x5533,2016-08-21
Shyanne,Swaniawski,maximilian_hilll@kuphalbednar.net,(160) 499-3536,2017-03-26
Brett,Cormier,sonya@feil.net,1-350-680-4491 x414,2017-01-20
Sabrina,Schowalter,ada@breitenberg.biz,249-559-1824 x630,2017-01-12
Riley,Leuschke,corrine.kunze@keeling.net,1-678-021-2244,2016-06-08
Cyril,Kuhic,rudolph@bernhard.name,200.712.9690 x700,2016-08-09
Carlos,Reichel,adonis@watersfeest.name,1-309-961-8477,2017-04-06
Cielo,Flatley,hoyt_barton@satterfield.name,511.553.5919,2016-12-10
Deangelo,Dibbert,deion@langoshhoeger.co,544-932-7314 x60986,2016-08-14
Petra,Langosh,jovani@lehner.com,915.717.6334,2017-03-27
